;Acc;f1;Precision;Recall;ROC_AUC;NLL-Cross
RandomForest_403232128;0.8947368421052632;0.9130434782608695;0.9545454545454546;0.875;0.9523809523809524;
