;Acc;f1;Precision;Recall;ROC_AUC;NLL-Cross
VGG16_[200, 100]323230;0.9210526315789473;0.9268292682926829;0.95;0.9047619047619048;0.9775910364145658;0.2090538591146469
