;Acc;f1;Precision;Recall;ROC_AUC;NLL-Cross
RandomForest_VGG16_403232128;0.9210526315789473;0.9387755102040817;0.92;0.9583333333333334;0.9032738095238095;
